<?xml version="1.0" encoding="UTF-8"?>
<project-private xmlns="http://www.netbeans.org/ns/project-private/1">
    <editor-bookmarks xmlns="http://www.netbeans.org/ns/editor-bookmarks/2" lastBookmarkId="0"/>
    <open-files xmlns="http://www.netbeans.org/ns/projectui-open-files/2">
        <group>
            <file>file:/home/carlos/NetBeansProjects/JavaWebApiNoviembre/Clase03/src/chat/ServerChat.java</file>
            <file>file:/home/carlos/NetBeansProjects/JavaWebApiNoviembre/Clase03/src/clase03/Clase03.java</file>
            <file>file:/home/carlos/NetBeansProjects/JavaWebApiNoviembre/Clase03/src/clase03/ClientMinimo.java</file>
            <file>file:/home/carlos/NetBeansProjects/JavaWebApiNoviembre/Clase03/src/chat/MapaDirecciones.java</file>
            <file>file:/home/carlos/NetBeansProjects/JavaWebApiNoviembre/Clase03/src/clase03/ServerMinimo.java</file>
            <file>file:/home/carlos/NetBeansProjects/JavaWebApiNoviembre/Clase03/src/clase03/ClienteMinimo2.java</file>
            <file>file:/home/carlos/NetBeansProjects/JavaWebApiNoviembre/Clase03/src/chat/Chat.java</file>
        </group>
    </open-files>
</project-private>
